TransactionID,Amount,TransactionType,DeviceType,TransactionHour,IsNewDevice,IsInternational,DailyTransactionCount,PreviousFraudFlag,IsFraud
1,41837.56,Bill,Web,14,0,0,2,0,0
2,27374.62,P2P,Web,23,0,0,5,0,0
3,44659.39,P2P,Web,10,1,0,1,0,0
4,69098.23,Merchant,Web,13,0,0,6,0,0
5,90710.18,P2P,POS,4,1,0,2,0,1
6,15917.49,Merchant,Web,3,0,1,1,0,0
7,67495.79,P2P,Mobile,23,1,0,2,0,0
8,88987.08,Merchant,POS,16,1,0,2,0,0
9,1096.61,Merchant,Web,23,0,0,3,0,0
10,28655.4,Merchant,Web,18,0,0,2,0,0
11,92018.76,Merchant,Mobile,8,0,0,7,0,0
12,9933.39,P2P,Web,10,0,1,2,0,0
13,96092.11,Bill,Web,2,0,0,6,1,1
14,26337.41,Merchant,Mobile,5,0,0,5,0,0
15,40073.45,Bill,Web,4,0,0,7,0,0
16,68482.04,Bill,POS,13,1,0,2,0,0
17,40166.72,P2P,POS,12,0,1,5,1,1
18,3480.08,P2P,Web,17,1,0,6,0,0
19,4680.86,P2P,Mobile,4,1,0,4,0,0
20,89974.14,Merchant,Web,11,0,0,6,0,0
21,40632.26,P2P,POS,23,1,0,1,0,0
22,11995.01,Merchant,Web,6,0,0,2,0,0
23,84802.47,Merchant,POS,3,1,0,7,0,1
24,92259.76,Merchant,Web,1,0,0,7,0,0
25,72949.87,P2P,POS,7,0,0,7,0,0
26,44443.4,Merchant,Mobile,23,0,0,5,0,0
27,34502.22,Merchant,Web,17,0,0,5,0,0
28,83467.55,Bill,Mobile,20,1,0,3,0,0
29,87671.4,Bill,Mobile,4,1,0,5,1,1
30,9340.15,Merchant,Web,11,0,0,4,0,0
31,78867.88,P2P,Mobile,15,0,0,7,0,0
32,11716.07,Bill,Mobile,9,1,0,6,0,0
33,55365.78,P2P,Mobile,15,0,0,5,0,0
34,74217.32,P2P,POS,7,1,0,3,0,0
35,92098.61,Bill,POS,11,1,0,5,1,1
36,81033.36,P2P,POS,11,0,0,1,0,0
37,40630.48,Bill,Web,2,0,0,7,1,1
38,33176.38,Bill,Mobile,3,1,0,4,0,0
39,94786.05,Merchant,Mobile,8,0,0,7,0,0
40,64900.02,Bill,POS,4,0,0,6,0,1
41,294.69,Bill,POS,9,0,0,7,0,0
42,56588.16,Merchant,POS,13,1,0,3,0,0
43,26454.06,Merchant,Mobile,15,0,0,7,0,0
44,39.91,P2P,Web,10,1,0,5,0,0
45,57013.06,Merchant,Web,22,1,0,7,0,1
46,93080.12,Merchant,Mobile,4,0,0,7,0,1
47,64020.71,Bill,Mobile,13,1,0,6,0,1
48,48349.14,P2P,POS,9,0,0,4,0,0
49,97966.52,P2P,POS,13,1,0,5,0,0
50,53177.37,P2P,POS,14,0,0,6,0,0
51,53613.09,Merchant,Web,1,1,1,6,0,1
52,72022.08,Merchant,Mobile,17,0,0,7,0,0
53,29278.52,Merchant,Web,21,0,0,2,0,0
54,49497.34,Merchant,POS,10,1,0,5,0,0
55,3652.1,Bill,Mobile,0,1,0,4,0,0
56,23012.05,Bill,Web,20,1,0,3,0,0
57,73739.11,Bill,Web,6,0,1,4,0,1
58,24158.34,Bill,Mobile,10,1,0,6,0,0
59,28077.81,P2P,Web,4,1,0,6,0,0
60,822.81,Bill,Mobile,8,0,0,6,0,0
61,19314.67,Merchant,Mobile,0,1,0,5,0,0
62,7122.16,Merchant,Mobile,20,1,0,5,0,0
63,72931.55,P2P,POS,4,0,0,4,0,0
64,3193.24,Bill,Web,7,0,0,7,0,0
65,67496.91,Merchant,Mobile,5,0,0,7,0,1
66,60712.82,Bill,POS,16,1,1,5,0,1
67,15476.54,Merchant,Web,16,0,0,4,0,1
68,22514.4,P2P,POS,9,1,0,4,0,0
69,94586.94,P2P,Mobile,6,0,0,3,1,1
70,76972.25,Bill,Mobile,2,0,0,7,0,1
71,26896.24,Merchant,Web,18,1,0,2,0,0
72,62848.07,P2P,Web,7,0,0,2,0,0
73,84474.79,Merchant,Web,3,0,1,5,0,1
74,2125.25,Bill,POS,11,0,0,1,0,0
75,18672.93,Bill,Web,17,0,0,5,1,1
76,40683.39,Merchant,POS,18,0,1,5,0,0
77,32388.63,P2P,POS,7,0,0,4,0,0
78,44772.9,Bill,POS,21,1,0,1,0,0
79,68720.01,Merchant,Mobile,21,1,0,7,0,1
80,87200.02,Merchant,Web,3,1,0,1,0,1
81,6959.63,P2P,Mobile,15,1,0,7,1,1
82,52089.5,P2P,POS,16,0,0,1,0,0
83,19782.5,P2P,Web,13,1,0,7,0,0
84,44219.13,Merchant,Mobile,1,1,0,2,0,1
85,19651.64,P2P,Web,16,0,0,4,0,0
86,28932.59,Merchant,Mobile,14,0,0,4,0,0
87,7109.23,Merchant,POS,2,1,1,7,0,1
88,49359.09,Bill,Mobile,22,0,0,3,0,0
89,72782.08,Bill,Web,22,0,0,4,0,0
90,5686.58,Merchant,Web,18,0,0,7,1,0
91,4303.98,Merchant,Mobile,18,0,0,1,0,0
92,7033.74,P2P,Web,11,1,0,1,0,0
93,12490.7,P2P,Mobile,1,1,0,3,0,0
94,11356.99,Merchant,Web,3,1,0,1,0,0
95,24829.22,Merchant,Mobile,6,1,0,7,0,0
96,27018.18,P2P,POS,10,1,0,3,0,0
97,91899.05,Merchant,Mobile,14,0,0,6,0,0
98,74410.56,P2P,Mobile,6,0,0,2,0,0
99,24422.22,Merchant,Mobile,23,0,0,7,1,0
100,52520.05,Bill,Web,6,0,0,2,0,0
101,32101.69,P2P,Mobile,21,0,0,3,0,0
102,19746.35,Merchant,Mobile,6,1,0,5,0,0
103,10988.25,Merchant,Mobile,7,1,0,6,0,0
104,16901.59,Merchant,POS,17,0,0,7,0,0
105,63106.76,P2P,Web,12,1,0,4,1,1
106,43846.05,Merchant,POS,3,1,0,5,0,0
107,31342.31,P2P,Web,11,1,0,3,0,0
108,19829.59,Bill,Web,21,0,0,5,0,0
109,58724.78,P2P,POS,17,0,0,4,0,0
110,16677.22,P2P,POS,19,0,0,5,1,1
111,43727.53,Merchant,Mobile,4,0,0,6,0,0
112,635.06,P2P,Web,11,0,0,7,0,0
113,48118.43,P2P,POS,14,0,0,1,0,0
114,29627.81,Merchant,POS,9,0,0,6,0,0
115,12850.9,P2P,POS,6,0,0,1,0,0
116,85502.88,P2P,Mobile,2,1,0,1,0,1
117,24964.5,Bill,Web,6,0,0,3,0,0
118,31614.1,P2P,Mobile,12,1,0,7,0,0
119,49720.7,P2P,POS,21,0,0,6,0,0
120,43380.27,P2P,Web,4,0,0,1,0,1
121,90981.03,Bill,Web,15,1,0,7,0,1
122,47465.12,Bill,POS,18,0,0,3,1,0
123,68632.28,P2P,POS,1,0,0,3,0,0
124,87761.36,Merchant,Web,7,1,0,1,0,0
125,32644.41,Merchant,POS,5,0,0,3,0,0
126,45200.41,Bill,Web,1,0,0,7,0,0
127,93705.25,P2P,Mobile,22,0,0,3,0,0
128,98376.41,P2P,Mobile,23,1,0,5,0,0
129,75870.93,Bill,Mobile,15,0,0,4,0,0
130,81441.52,Bill,Web,11,0,0,6,0,0
131,10145.2,P2P,Mobile,12,0,0,1,0,0
132,25748.23,Bill,POS,2,0,0,3,0,0
133,22192.98,Merchant,POS,17,0,0,2,0,0
134,2564.57,Bill,Web,18,1,0,4,0,0
135,27627.56,Bill,POS,19,0,0,6,0,0
136,48936.72,P2P,Web,1,1,0,5,0,0
137,88843.4,P2P,Mobile,16,1,0,6,0,1
138,80695.15,Merchant,Web,17,0,0,5,0,0
139,21780.64,P2P,Web,19,1,0,2,0,0
140,13085.83,Bill,Web,11,0,0,2,0,0
141,98251.17,Merchant,Mobile,12,1,0,2,0,0
142,94858.42,Merchant,Web,3,1,0,5,0,1
143,83151.63,Merchant,POS,2,0,0,7,0,1
144,74989.58,P2P,Web,18,1,0,6,0,1
145,55775.4,Merchant,Web,8,1,0,5,0,0
146,96745.9,P2P,Web,23,1,0,1,0,0
147,79806.42,P2P,POS,18,1,0,3,0,0
148,21079.08,P2P,Web,20,1,0,5,0,0
149,91084.95,P2P,Web,0,1,0,2,1,1
150,30612.43,Bill,Web,22,1,0,5,0,0
151,26718.28,Bill,Web,7,1,0,4,0,0
152,41864.11,Bill,Mobile,12,0,0,1,0,0
153,89365.25,Bill,Mobile,11,0,0,3,0,0
154,68073.95,Bill,Mobile,17,1,0,5,0,0
155,73474.79,Bill,Mobile,11,1,0,3,0,0
156,23670.59,Bill,Mobile,7,1,0,2,0,0
157,68499.91,Bill,Web,5,0,0,4,0,0
158,2938.14,Bill,POS,14,0,0,6,0,0
159,45628.21,Merchant,POS,9,1,0,2,0,0
160,97060.65,Merchant,POS,12,1,0,4,0,0
161,6253.56,Merchant,POS,3,0,0,3,0,0
162,21312.94,Bill,POS,4,0,0,1,0,0
163,28452.88,Merchant,Mobile,21,0,0,2,1,0
164,47575.01,Merchant,Mobile,4,1,0,7,0,0
165,80994.62,Bill,Mobile,4,1,0,3,0,1
166,76776.55,Merchant,Web,22,0,0,2,0,0
167,76046.95,Merchant,POS,8,0,0,4,0,0
168,40554.27,Merchant,POS,3,0,0,4,0,0
169,8057.81,P2P,Mobile,19,1,0,2,0,0
170,74563.43,Bill,Mobile,6,1,0,1,0,0
171,52369.91,Bill,Mobile,6,0,0,5,0,0
172,26145.05,P2P,Mobile,18,1,0,6,0,0
173,52726.63,P2P,Mobile,21,1,0,3,0,0
174,36772.75,Bill,Web,2,0,0,3,0,0
175,89622.91,P2P,Mobile,18,1,0,5,1,1
176,19615.12,P2P,Web,19,0,0,1,0,0
177,53074.74,Merchant,Mobile,17,1,0,2,0,0
178,55371.25,Bill,POS,5,1,1,7,0,1
179,64491.15,Bill,Web,2,0,0,6,0,1
180,50165.95,P2P,Mobile,13,0,0,1,0,0
181,434.77,Merchant,Mobile,23,0,0,4,0,0
182,88143.38,P2P,POS,7,0,0,1,0,0
183,8807.15,Bill,Mobile,3,0,0,2,0,0
184,59827.65,Bill,Mobile,15,1,0,4,1,1
185,12337.23,P2P,Mobile,18,1,0,4,0,0
186,46146.89,P2P,Mobile,20,0,0,1,0,0
187,44257.22,Merchant,POS,8,0,0,7,0,0
188,94332.52,Merchant,POS,18,1,0,5,0,0
189,95109.3,Bill,POS,6,1,0,4,0,0
190,64459.8,P2P,POS,13,0,0,5,0,0
191,20848.71,P2P,Mobile,20,1,0,5,0,0
192,26876.05,P2P,Mobile,19,0,0,2,0,0
193,53873.44,Merchant,Mobile,10,0,0,7,0,0
194,85436.69,Bill,POS,7,0,0,4,0,0
195,66106.88,P2P,POS,8,1,0,1,0,0
196,11341.2,P2P,Web,18,0,0,2,0,0
197,74122.57,P2P,Mobile,6,1,0,4,0,0
198,91538.7,Bill,Web,12,1,0,2,0,0
199,68005.09,Merchant,Web,10,0,0,4,0,0
200,28007.51,Bill,Mobile,13,0,0,7,0,0
201,34852.24,Bill,Mobile,14,1,0,6,0,0
202,40401.45,P2P,Web,19,0,0,7,0,0
203,98517.38,Bill,Web,20,1,0,1,0,0
204,46080.39,Bill,Web,1,0,0,5,0,0
205,64080.92,Bill,Web,23,1,0,5,0,0
206,79721.63,Bill,Web,14,0,0,1,0,0
207,91761.74,Merchant,Mobile,8,0,0,4,0,0
208,48705.64,Merchant,Web,11,0,0,3,0,0
209,79053.55,Merchant,Web,6,1,0,1,0,0
210,40179.38,Merchant,Mobile,16,0,0,1,0,0
211,28021.62,Bill,Web,23,0,0,5,0,0
212,90182.52,Merchant,Web,22,0,0,7,1,1
213,80776.19,Merchant,POS,21,1,0,5,0,0
214,59052.68,Bill,Web,6,0,0,7,0,0
215,80807.98,P2P,Web,19,0,0,3,0,0
216,82221.7,Bill,Mobile,8,0,0,6,0,0
217,43155.58,Merchant,POS,6,1,0,7,0,0
218,38279.73,Merchant,Mobile,20,1,0,5,0,0
219,51987.42,Bill,POS,23,1,0,6,1,1
220,66555.06,Merchant,POS,16,0,0,7,0,0
221,8189.29,Bill,POS,7,0,0,7,0,0
222,5809.45,Bill,Mobile,20,0,0,4,0,0
223,35411.75,P2P,POS,22,0,1,1,0,1
224,44548.49,Merchant,Mobile,15,1,0,7,0,0
225,32068.7,Merchant,Mobile,10,0,0,4,0,0
226,60387.78,Bill,Web,22,1,0,5,0,0
227,81509.6,Merchant,POS,7,1,0,6,0,1
228,60094.78,Bill,Web,17,1,0,5,0,0
229,59941.15,Bill,POS,1,1,0,1,1,1
230,30764.15,Bill,Mobile,12,1,0,6,0,0
231,2538.09,Bill,Mobile,2,0,0,1,0,0
232,48409.01,Merchant,Mobile,21,0,0,7,1,0
233,58064.98,P2P,POS,12,1,0,1,0,1
234,87437.67,P2P,Mobile,3,0,0,7,0,1
235,78064.79,P2P,Mobile,22,1,0,4,0,0
236,52355.41,Bill,Web,13,0,0,7,0,0
237,5847.78,Bill,POS,1,0,0,4,0,0
238,20413.8,Bill,Mobile,13,0,0,2,0,0
239,1060.12,P2P,Mobile,7,0,0,7,0,0
240,46387.28,Bill,POS,7,1,0,5,0,0
241,99137.4,P2P,POS,4,1,0,7,0,1
242,53380.45,P2P,Web,16,1,0,6,0,1
243,53063.17,Merchant,POS,1,1,0,2,1,1
244,97119.72,Bill,Web,6,1,0,6,0,1
245,56547.92,Merchant,Mobile,5,0,0,2,0,0
246,97500.14,Merchant,Web,6,0,0,6,0,0
247,97268.66,Merchant,Web,6,1,0,3,0,0
248,8296.22,P2P,Web,1,1,0,1,0,0
249,55055.59,Merchant,Web,11,0,0,6,0,0
250,29212.31,Merchant,Mobile,21,1,0,1,0,0
251,26834.28,Merchant,Web,8,0,0,7,0,0
252,4407.46,P2P,POS,11,1,0,3,0,0
253,56201.46,Merchant,Mobile,21,1,0,2,0,0
254,78268.48,Merchant,Mobile,5,1,0,4,0,1
255,24354.3,P2P,POS,15,0,0,4,0,0
256,97930.27,Merchant,POS,23,0,0,1,0,0
257,71258.19,Merchant,Web,15,0,0,3,1,1
258,66466.36,Merchant,Mobile,22,0,0,7,0,0
259,24111.42,P2P,POS,1,1,0,3,0,0
260,74395.97,P2P,Web,2,1,0,2,1,1
261,50990.19,P2P,Web,13,1,0,5,0,0
262,23427.88,Bill,POS,4,1,0,6,0,0
263,76278.53,Merchant,POS,22,1,0,1,1,1
264,31673.5,P2P,Mobile,19,1,0,6,1,1
265,73092.93,P2P,Web,20,1,0,5,0,0
266,90929.86,P2P,Mobile,10,1,0,4,0,0
267,88043.59,Merchant,Mobile,19,0,0,4,0,0
268,27417.14,P2P,Web,10,1,0,1,0,0
269,31339.64,Bill,Web,22,0,0,2,0,0
270,63043.74,P2P,POS,11,0,0,1,0,0
271,76818.95,P2P,POS,0,1,0,2,0,0
272,19305.26,P2P,POS,16,1,0,2,0,0
273,32704.98,Bill,Mobile,17,1,0,4,0,0
274,41787.1,Bill,Web,0,1,0,7,0,0
275,49524.71,Merchant,Web,0,1,0,2,0,0
276,33293.23,P2P,Web,18,0,0,6,0,0
277,82600.54,P2P,Web,0,1,1,2,0,1
278,40001.1,P2P,Mobile,1,1,0,5,0,0
279,7660.9,Merchant,POS,11,1,0,4,0,0
280,36519.65,Bill,POS,23,1,0,3,1,0
281,59713.75,Merchant,Mobile,2,1,0,6,1,1
282,6062.45,Bill,Mobile,3,1,0,1,0,0
283,90858.53,Merchant,POS,8,1,0,2,0,0
284,97044.32,Merchant,Mobile,23,1,0,7,0,1
285,49577.36,P2P,Mobile,18,1,0,3,0,0
286,91145.0,P2P,Mobile,12,0,0,5,0,0
287,48832.92,P2P,Web,4,1,0,1,0,0
288,72770.08,Merchant,Web,15,0,0,6,0,0
289,90511.57,Merchant,Mobile,21,1,0,3,0,0
290,12644.27,Bill,Mobile,8,0,0,5,0,0
291,15339.73,P2P,Mobile,6,1,0,1,0,0
292,60887.29,P2P,Mobile,6,0,0,4,0,0
293,62907.69,Bill,POS,12,1,0,3,0,0
294,15554.85,P2P,POS,8,1,0,6,0,0
295,75371.71,P2P,POS,16,0,1,1,0,1
296,18434.72,P2P,Mobile,20,0,0,3,0,0
297,20153.39,Bill,Mobile,21,1,0,7,0,0
298,4950.78,P2P,Web,8,0,0,1,0,0
299,70600.73,Merchant,Web,7,1,0,5,0,0
300,28678.11,P2P,Web,0,0,0,4,0,0
301,92511.81,Merchant,POS,19,0,0,4,0,0
302,39593.8,Bill,Mobile,18,0,0,1,0,0
303,56841.31,Merchant,POS,17,0,0,4,0,0
304,65849.21,Bill,Mobile,16,0,0,5,0,0
305,40738.39,P2P,Web,2,1,0,4,0,0
306,54324.57,Merchant,Web,4,1,0,3,0,1
307,70916.18,P2P,POS,6,0,0,7,0,0
308,50397.65,Merchant,Web,6,1,0,7,1,1
309,89921.54,Bill,Mobile,3,0,0,2,0,0
310,25667.68,P2P,POS,3,1,0,5,0,0
311,86997.35,P2P,POS,13,1,0,3,0,0
312,18230.28,P2P,Mobile,12,0,0,6,0,0
313,63397.29,Merchant,POS,1,0,0,6,0,0
314,89054.35,Merchant,Web,9,1,0,3,0,0
315,10802.62,P2P,Web,15,1,0,2,0,0
316,84783.56,Merchant,Web,2,0,0,4,0,0
317,76252.46,P2P,Mobile,6,0,1,5,0,1
318,97413.22,Bill,Mobile,1,1,0,1,0,0
319,46873.41,Merchant,Web,19,0,0,1,0,0
320,67980.53,P2P,Web,11,1,0,3,0,0
321,26485.1,Bill,Web,6,1,0,2,0,0
322,36021.34,Bill,POS,7,1,0,6,0,0
323,54538.64,Bill,Web,20,1,1,5,0,1
324,30080.64,P2P,Web,2,0,0,4,0,0
325,89361.01,P2P,POS,16,1,0,3,0,0
326,69395.24,Bill,Web,19,1,0,4,0,0
327,87534.18,Bill,Web,11,0,0,1,0,0
328,2939.73,P2P,Web,20,1,0,7,0,0
329,32325.74,Bill,Web,2,0,0,1,0,0
330,43958.6,Merchant,Mobile,3,0,0,3,0,0
331,3000.86,Merchant,Mobile,16,0,0,2,0,0
332,10077.77,Bill,Mobile,18,0,0,7,0,0
333,21821.3,Merchant,POS,10,1,0,6,0,0
334,81345.1,Merchant,POS,21,0,0,6,0,0
335,8020.56,Merchant,Web,14,1,0,7,0,0
336,6508.72,Bill,Mobile,21,1,0,2,0,0
337,80330.58,Bill,Mobile,5,0,0,5,0,0
338,61620.87,P2P,POS,23,0,0,1,0,0
339,6607.72,Merchant,POS,19,0,0,4,1,0
340,8932.8,Bill,Mobile,14,1,0,2,0,0
341,57108.1,P2P,POS,23,1,0,3,0,0
342,37803.8,P2P,POS,7,0,0,1,0,0
343,44355.49,P2P,POS,19,0,0,6,0,0
344,15442.55,Bill,Web,5,1,0,2,0,0
345,76298.59,Merchant,Mobile,17,1,1,5,0,1
346,93220.44,P2P,POS,11,1,0,1,0,0
347,96285.14,Bill,Web,11,1,0,6,0,1
348,99400.0,Bill,Web,2,0,1,4,0,1
349,54358.32,Bill,Mobile,0,1,0,5,0,0
350,24467.41,Merchant,Mobile,22,0,0,7,0,0
351,47809.08,Merchant,POS,7,1,0,3,0,1
352,18487.87,Merchant,POS,21,1,0,3,0,0
353,51061.29,Bill,Mobile,11,1,0,1,0,0
354,44578.05,Bill,POS,19,1,0,6,0,0
355,52457.6,P2P,POS,15,0,0,4,0,0
356,89686.13,Bill,POS,0,0,0,2,0,0
357,15547.39,P2P,Web,17,0,0,5,0,0
358,26305.16,Bill,Web,4,0,0,2,1,0
359,16384.05,P2P,Mobile,8,1,0,7,0,0
360,55615.68,Merchant,Web,5,0,0,3,0,0
361,91774.94,Merchant,Web,15,1,0,2,0,0
362,39272.59,P2P,Mobile,10,0,0,7,0,0
363,48898.21,P2P,POS,5,0,0,5,0,0
364,93153.82,Bill,Mobile,10,1,0,1,0,0
365,91400.95,P2P,Web,6,0,0,4,0,0
366,74773.03,Merchant,POS,12,1,0,2,0,0
367,85736.35,Merchant,Web,4,0,0,2,0,0
368,1939.9,Bill,POS,18,0,0,3,0,0
369,41838.64,Bill,POS,16,1,0,6,0,0
370,68034.72,P2P,Web,18,0,0,2,1,1
371,84387.43,P2P,Web,23,0,0,6,0,1
372,93188.98,Bill,Mobile,11,0,0,4,0,0
373,73999.26,Bill,POS,20,1,0,1,0,0
374,62368.07,P2P,Web,4,1,0,3,0,1
375,78566.94,Bill,POS,23,1,0,5,0,0
376,55322.61,Merchant,Mobile,22,1,0,1,0,0
377,8697.74,Merchant,Mobile,1,0,0,1,1,0
378,56453.25,Merchant,Web,5,0,0,1,0,0
379,59846.86,Bill,POS,20,1,0,7,0,1
380,93365.24,Bill,Web,4,1,0,1,0,1
381,86043.3,P2P,Mobile,22,1,0,4,0,0
382,82013.65,Bill,Mobile,22,1,0,3,0,0
383,50740.86,P2P,Web,2,0,0,6,0,1
384,98844.65,Bill,POS,1,0,0,3,0,0
385,16246.6,P2P,Mobile,12,1,0,7,0,0
386,50754.84,Merchant,Web,7,1,1,6,0,1
387,47199.1,Merchant,POS,5,0,0,5,0,0
388,6150.02,Bill,POS,21,0,0,6,0,0
389,78233.48,Merchant,Mobile,19,1,0,7,0,1
390,79087.13,P2P,Mobile,5,1,0,1,0,1
391,2552.22,Merchant,Web,21,1,0,6,0,0
392,83602.04,P2P,Web,10,0,0,4,0,0
393,26605.67,Merchant,Mobile,18,1,0,6,0,1
394,28437.49,P2P,Mobile,23,1,0,1,0,0
395,85777.53,Merchant,POS,21,0,0,3,0,0
396,9909.69,Bill,Web,17,1,0,6,0,0
397,85121.23,P2P,Mobile,22,1,0,3,1,1
398,68222.76,Merchant,POS,21,1,0,4,0,1
399,71013.67,Merchant,Mobile,21,1,0,2,0,0
400,41254.65,P2P,Web,12,0,0,7,0,0
401,91127.14,P2P,POS,15,0,0,7,0,0
402,532.28,Merchant,Mobile,1,1,0,5,0,0
403,49336.93,P2P,Mobile,3,1,1,7,0,1
404,3352.54,P2P,Mobile,21,1,0,4,0,0
405,19844.8,P2P,Web,3,1,0,3,0,0
406,63358.65,P2P,Mobile,16,0,0,4,1,1
407,31495.94,Merchant,POS,13,0,0,4,1,0
408,54424.62,Merchant,POS,2,0,0,1,0,1
409,8685.45,P2P,Web,6,0,0,5,0,0
410,77836.52,Bill,POS,1,1,0,5,0,0
411,51646.98,P2P,POS,15,0,0,2,0,0
412,97958.06,P2P,Web,3,0,0,3,0,0
413,2346.85,Merchant,Mobile,8,1,0,4,0,0
414,4915.27,Bill,Mobile,5,1,0,2,0,0
415,48640.17,Merchant,POS,0,0,0,2,0,0
416,89936.0,Merchant,Mobile,19,1,0,5,1,1
417,15119.76,P2P,Mobile,4,0,0,2,0,0
418,79788.78,Bill,Mobile,5,1,0,1,0,1
419,13782.55,Merchant,Web,6,0,0,2,1,0
420,11562.94,Merchant,POS,18,1,0,3,0,0
421,41736.36,Merchant,Web,7,1,0,2,0,0
422,39182.65,P2P,POS,3,0,0,2,0,0
423,97105.37,Merchant,Mobile,19,1,0,3,1,1
424,44553.88,Bill,Web,12,1,0,7,0,0
425,95433.13,P2P,Web,18,1,0,3,0,0
426,55707.91,Merchant,Mobile,12,1,0,3,0,0
427,1203.9,Bill,Web,10,0,0,7,0,0
428,10138.38,Bill,Mobile,7,0,0,1,0,0
429,79267.92,P2P,Web,16,1,0,4,0,0
430,14798.89,Bill,Web,18,0,0,1,0,0
431,82552.63,Bill,POS,23,1,1,1,0,1
432,31523.64,Bill,Web,22,1,0,2,0,0
433,70773.44,Bill,POS,18,1,0,1,0,0
434,72830.51,P2P,POS,12,0,0,5,0,0
435,67267.36,Merchant,Web,20,0,0,5,1,1
436,73313.19,Bill,Mobile,6,1,0,6,0,1
437,83870.85,Bill,POS,19,1,0,6,0,1
438,74566.8,Merchant,Mobile,1,1,0,3,0,0
439,40671.4,Bill,POS,21,1,0,1,0,0
440,20333.21,P2P,Web,6,0,0,4,0,0
441,27191.52,Bill,Web,22,1,0,4,1,0
442,88759.4,Bill,POS,19,1,0,2,0,0
443,14115.56,Merchant,POS,4,1,0,5,0,0
444,46393.52,Merchant,POS,19,0,0,3,0,0
445,20839.84,Bill,Web,5,1,0,2,0,0
446,72845.52,P2P,POS,23,0,0,3,0,0
447,67187.46,Merchant,Web,18,0,0,7,0,0
448,78210.75,Merchant,POS,14,1,0,7,0,1
449,61391.34,Bill,Mobile,15,0,0,2,0,0
450,89043.51,Merchant,Mobile,1,1,0,4,0,0
451,2034.83,Merchant,Web,5,0,0,6,0,0
452,27253.01,Merchant,Mobile,19,1,0,5,0,0
453,92948.53,P2P,Mobile,0,1,0,4,0,0
454,35574.09,Bill,Mobile,0,0,0,4,0,0
455,56051.35,Bill,Web,17,1,0,6,0,1
456,86056.87,Bill,POS,6,0,0,7,1,1
457,15973.84,Bill,Web,13,0,0,4,0,0
458,56902.91,Bill,POS,22,1,0,5,0,0
459,44078.47,P2P,POS,19,0,0,2,1,0
460,13596.1,P2P,POS,11,1,0,1,0,0
461,44607.72,Merchant,Mobile,3,1,0,4,0,0
462,45363.0,Merchant,Mobile,19,1,0,2,0,0
463,68125.71,Merchant,Mobile,2,0,0,2,0,1
464,3182.72,Bill,Mobile,6,1,0,2,0,0
465,77591.84,Bill,POS,11,1,0,3,0,0
466,57034.87,P2P,Mobile,6,1,0,3,0,0
467,57668.46,Bill,Web,18,1,0,6,0,1
468,6144.35,P2P,POS,21,0,0,7,0,0
469,83215.9,P2P,POS,21,1,0,6,0,1
470,66544.71,Bill,POS,16,1,0,3,0,0
471,82014.56,P2P,Web,3,0,1,6,0,1
472,89484.97,Merchant,POS,9,1,0,1,1,1
473,70463.74,P2P,Mobile,16,1,1,5,0,1
474,97259.8,Merchant,POS,13,0,0,6,0,0
475,17621.11,Merchant,Web,5,0,0,2,0,0
476,34423.27,Bill,POS,17,0,0,5,0,0
477,91622.31,Merchant,Web,7,1,0,5,0,0
478,76007.22,P2P,Mobile,3,0,0,6,1,1
479,73242.11,P2P,POS,0,1,0,1,0,0
480,78301.33,P2P,Web,23,0,0,5,0,0
481,65641.95,Bill,Web,9,1,0,7,0,1
482,98290.21,P2P,POS,10,1,0,2,0,0
483,16789.34,P2P,Web,23,1,0,4,0,0
484,39170.19,P2P,POS,0,1,0,5,0,0
485,10327.67,P2P,Mobile,0,1,0,5,0,0
486,66360.3,P2P,Mobile,10,1,0,6,0,1
487,22291.93,Bill,Mobile,19,1,0,2,0,0
488,10929.88,P2P,POS,15,1,0,6,1,1
489,33130.16,Merchant,POS,11,0,0,3,0,0
490,78779.75,Merchant,Web,12,1,0,6,0,1
491,74392.51,Merchant,Mobile,5,0,0,5,0,0
492,66220.34,Bill,Mobile,15,0,0,3,0,1
493,241.05,Bill,Web,0,1,0,7,0,0
494,95669.9,Merchant,Web,2,1,0,2,0,1
495,98142.38,Bill,Mobile,14,1,0,7,0,1
496,28992.68,P2P,Web,8,1,0,3,0,0
497,15097.3,Merchant,POS,8,0,0,5,0,0
498,71961.21,Merchant,Web,18,0,1,1,0,1
499,29113.13,Bill,Mobile,17,1,0,6,0,0
500,86753.43,Bill,Mobile,10,0,1,6,0,1
501,64195.91,P2P,Web,22,1,0,6,0,1
502,40213.95,P2P,POS,2,1,0,3,1,1
503,24410.56,Merchant,POS,0,1,0,2,1,0
504,54517.16,Bill,POS,0,0,0,2,0,0
505,43791.27,Merchant,POS,19,1,0,7,0,0
506,65549.86,Merchant,Web,5,1,0,4,0,1
507,15593.8,Merchant,Mobile,7,0,0,3,0,0
508,84833.36,Bill,POS,11,1,0,1,0,0
509,95959.21,P2P,Web,22,0,0,3,1,1
510,52056.96,Merchant,Web,1,0,0,2,0,0
511,69196.1,P2P,Web,5,0,0,2,0,0
512,61256.12,Bill,Mobile,10,0,0,3,0,0
513,73461.49,Merchant,POS,9,0,0,6,0,0
514,73881.96,P2P,Mobile,22,0,0,6,0,0
515,81498.87,P2P,POS,2,0,0,2,0,0
516,52122.48,Merchant,Mobile,2,1,0,7,0,1
517,78306.06,Bill,Mobile,23,0,0,4,0,0
518,33268.59,Bill,Mobile,18,1,0,4,1,0
519,1968.52,Merchant,POS,18,1,0,1,0,0
520,80384.24,Bill,Mobile,15,0,1,4,0,1
521,94391.2,Merchant,Mobile,2,1,0,4,1,1
522,95616.57,P2P,Web,16,0,0,1,0,0
523,74841.11,Bill,Mobile,15,0,0,7,0,0
524,16968.68,Merchant,POS,14,0,0,5,0,0
525,3767.25,Merchant,Mobile,20,0,0,2,0,0
526,43849.57,P2P,Mobile,2,1,0,2,0,0
527,10819.52,P2P,Web,21,1,0,2,1,0
528,67376.99,Merchant,POS,19,0,0,7,0,0
529,84619.95,Bill,POS,23,0,0,2,0,0
530,37926.04,P2P,Web,21,0,0,4,0,0
531,43126.69,P2P,POS,9,1,0,2,1,0
532,54930.63,P2P,Web,12,1,0,2,0,0
533,22260.99,Merchant,Mobile,22,0,0,6,0,0
534,99339.65,Bill,Mobile,8,1,0,3,1,1
535,88390.6,Merchant,Web,2,1,0,3,0,1
536,31072.16,P2P,Web,21,1,0,1,0,0
537,67542.28,Merchant,POS,10,1,0,3,0,0
538,21951.96,Bill,Mobile,10,0,1,4,0,0
539,91912.79,P2P,Mobile,14,1,0,5,0,0
540,23870.45,Merchant,Mobile,18,0,0,4,0,0
541,56443.15,P2P,POS,20,1,0,4,0,0
542,9041.3,Bill,POS,14,0,0,5,0,0
543,72671.57,Bill,Web,18,1,0,2,0,0
544,87788.59,Merchant,POS,14,1,0,5,0,0
545,14635.41,Bill,Web,15,0,0,3,0,0
546,58812.29,P2P,POS,3,0,0,5,0,0
547,32959.06,Bill,Web,10,0,0,2,0,0
548,51131.33,Bill,Web,20,1,0,2,0,0
549,78985.19,P2P,Mobile,14,1,0,5,0,0
550,24129.19,Bill,Web,3,0,0,4,0,0
551,25612.87,Merchant,Web,19,1,0,1,1,0
552,41188.04,P2P,POS,20,1,0,6,1,1
553,2436.7,Bill,Mobile,13,1,0,3,0,0
554,44163.5,Merchant,Mobile,4,0,0,3,0,1
555,48323.72,P2P,Mobile,23,0,0,7,0,0
556,21236.01,P2P,Web,22,1,0,3,1,0
557,43566.22,P2P,POS,9,1,0,5,0,0
558,63529.19,Bill,POS,3,0,0,7,0,1
559,56679.15,Bill,Web,12,1,0,4,0,0
560,55808.72,P2P,Mobile,22,1,0,6,0,1
561,80191.01,P2P,Mobile,7,0,0,7,0,0
562,54129.53,Bill,Web,13,1,1,5,0,1
563,21678.08,P2P,POS,4,1,0,2,0,0
564,75625.17,Bill,Mobile,23,1,0,6,0,1
565,39109.26,Merchant,POS,11,0,0,2,0,0
566,81550.85,P2P,Web,21,1,0,1,0,0
567,51923.41,Bill,POS,16,0,0,1,0,0
568,69389.71,Bill,POS,16,0,0,1,0,0
569,88987.58,Bill,POS,10,1,0,2,0,0
570,34572.89,P2P,POS,3,1,0,7,0,0
571,97069.14,P2P,POS,9,0,0,3,0,0
572,96229.5,Merchant,POS,21,1,0,2,0,0
573,59302.2,P2P,Web,1,0,0,4,0,0
574,28754.06,Bill,Mobile,18,1,0,1,0,0
575,63365.65,Merchant,Mobile,6,1,0,6,0,1
576,74932.88,Merchant,Web,22,1,0,6,1,1
577,44363.93,Bill,Web,15,1,0,7,0,0
578,80883.49,Bill,Web,14,0,0,3,0,0
579,63057.8,Bill,Mobile,2,1,0,1,1,1
580,72454.29,Bill,Mobile,12,1,1,2,0,1
581,69186.58,Merchant,POS,23,0,0,1,0,0
582,88029.67,Bill,POS,7,0,0,3,0,0
583,47680.31,P2P,Web,17,1,0,1,0,0
584,73644.05,P2P,Web,7,1,0,6,0,1
585,48507.43,P2P,Web,14,1,1,7,0,1
586,87100.13,Bill,Web,0,0,0,1,0,0
587,13885.45,Merchant,Web,22,0,1,6,0,0
588,18851.37,Bill,Mobile,11,1,0,3,1,0
589,17174.69,P2P,Web,2,0,0,4,1,0
590,45552.38,Merchant,POS,13,0,0,3,0,1
591,39303.64,Merchant,Web,1,1,0,5,0,0
592,2108.21,P2P,Mobile,2,0,0,6,0,0
593,10879.88,Bill,Mobile,14,1,0,7,0,0
594,26930.7,Bill,POS,13,0,0,3,0,0
595,19023.64,Merchant,Mobile,16,0,0,7,1,0
596,10771.73,Merchant,Web,8,1,0,3,0,0
597,88457.52,Bill,Web,18,1,0,1,0,0
598,21247.27,Bill,POS,6,0,0,6,0,0
599,57703.76,P2P,Mobile,9,0,0,1,0,0
600,81.37,Merchant,Mobile,9,1,0,2,0,0
601,73834.62,Bill,Web,16,0,0,3,1,1
602,21350.9,Bill,Web,11,1,1,1,0,0
603,52212.57,Bill,Web,13,0,0,3,0,0
604,90497.93,P2P,Mobile,12,0,0,3,0,0
605,2201.59,P2P,Web,16,1,0,7,1,1
606,30801.2,P2P,POS,19,0,0,1,0,0
607,13470.83,Merchant,Web,22,0,0,4,0,0
608,15378.38,P2P,POS,2,0,0,7,0,0
609,34247.52,P2P,Mobile,23,0,0,4,0,0
610,82595.87,Merchant,POS,13,1,0,3,0,0
611,87742.65,P2P,POS,21,0,0,2,0,0
612,31462.1,Merchant,Mobile,8,0,0,6,0,0
613,16002.25,P2P,Mobile,20,1,0,5,0,0
614,57591.21,Bill,Mobile,12,1,0,3,0,0
615,18249.47,Merchant,Mobile,18,0,0,5,0,0
616,89838.96,Bill,Mobile,9,0,0,2,0,0
617,59430.2,P2P,Mobile,10,1,0,4,0,1
618,50016.02,P2P,Mobile,15,1,0,4,0,0
619,70865.84,Merchant,POS,11,0,0,3,0,0
620,27814.59,P2P,Web,0,1,0,3,0,0
621,11204.66,Bill,Mobile,14,1,0,5,0,0
622,41071.02,Bill,Mobile,22,1,0,5,0,0
623,83842.85,P2P,Web,4,1,0,3,0,1
624,65749.7,P2P,Mobile,12,0,0,5,0,0
625,99984.55,Bill,Mobile,8,0,0,7,0,0
626,90308.96,Merchant,Mobile,20,0,1,7,0,1
627,94063.52,P2P,POS,1,0,0,6,0,0
628,34840.94,P2P,Mobile,19,0,0,2,0,0
629,33057.64,Bill,Web,11,0,0,6,0,0
630,87028.31,Bill,Web,16,1,0,6,0,1
631,52768.64,Bill,Mobile,16,0,0,1,0,0
632,6902.5,P2P,POS,15,1,0,1,0,0
633,19731.6,Merchant,Mobile,12,0,0,5,0,0
634,21807.2,Bill,Web,23,1,0,5,0,0
635,83181.89,Merchant,POS,17,0,0,5,1,1
636,50806.55,P2P,POS,2,0,0,7,0,1
637,1059.08,P2P,Web,2,1,0,4,0,0
638,42391.21,Bill,Web,12,1,0,6,0,0
639,3119.43,Merchant,Web,7,1,1,2,0,0
640,91033.97,Bill,POS,1,0,0,2,1,1
641,93614.17,P2P,Mobile,19,1,0,7,0,1
642,11564.17,P2P,Web,3,0,0,2,0,0
643,66715.52,P2P,Web,8,0,0,5,0,0
644,63534.4,Bill,Mobile,2,1,0,1,0,1
645,58351.8,Bill,Web,23,1,0,3,0,0
646,82475.73,Bill,POS,19,1,0,4,0,0
647,37572.72,Bill,Web,18,0,0,7,0,0
648,45903.14,Bill,Mobile,10,0,0,3,0,0
649,22199.21,Merchant,Mobile,0,1,0,3,0,0
650,31155.56,Merchant,POS,18,0,1,7,0,0
651,60981.68,Bill,Web,13,0,1,4,0,1
652,67076.74,Merchant,Web,22,1,0,7,1,1
653,24258.25,Merchant,Web,20,0,0,4,0,0
654,62650.08,Bill,POS,23,1,0,6,0,1
655,31052.15,Merchant,Web,3,1,0,4,0,0
656,43343.13,Bill,Mobile,1,1,0,4,0,0
657,4734.75,Merchant,POS,13,1,0,5,0,0
658,63593.87,P2P,Web,6,0,0,6,0,0
659,14224.06,Bill,Mobile,7,1,0,7,0,0
660,34913.19,P2P,POS,12,1,0,4,0,0
661,99886.26,Bill,POS,0,0,0,3,0,0
662,82475.54,Merchant,Mobile,22,0,0,2,0,0
663,30328.51,Merchant,Web,10,1,0,3,0,0
664,25761.05,Merchant,Mobile,19,0,0,4,0,0
665,36852.79,P2P,POS,7,1,0,6,0,0
666,47115.89,P2P,Mobile,1,0,0,4,0,0
667,49754.32,Bill,Web,7,0,0,5,0,0
668,58266.2,Bill,POS,18,1,0,1,0,0
669,51955.72,Merchant,Web,2,1,0,5,1,1
670,30661.52,Merchant,Mobile,8,0,0,3,0,0
671,18499.45,P2P,Web,18,0,0,3,0,0
672,17826.28,Merchant,POS,12,1,0,1,0,0
673,61081.14,Bill,Mobile,5,1,0,1,0,1
674,67232.02,Merchant,POS,13,0,0,3,0,0
675,44592.89,Bill,Mobile,20,0,0,1,0,0
676,28236.1,P2P,POS,2,0,0,3,0,0
677,49261.39,Bill,Web,3,1,0,5,0,0
678,3540.99,P2P,POS,19,0,0,2,0,0
679,11230.46,Bill,Mobile,7,1,0,5,0,0
680,15482.04,Merchant,POS,5,1,0,2,0,0
681,60530.14,Bill,Mobile,1,1,0,2,0,0
682,15634.97,Merchant,POS,4,0,0,7,0,0
683,29595.06,Merchant,POS,14,1,0,6,1,1
684,31596.06,Bill,Mobile,8,0,0,7,0,0
685,4220.65,Bill,Web,14,1,0,7,0,0
686,71512.4,P2P,Web,17,1,0,4,0,0
687,42936.53,Merchant,Web,21,0,0,3,0,0
688,64410.2,Bill,POS,17,1,1,3,0,1
689,38358.0,P2P,Mobile,2,0,0,3,0,0
690,35140.64,Bill,Web,19,1,0,7,0,0
691,76164.3,Bill,POS,10,0,0,3,0,0
692,51258.38,P2P,Web,7,1,0,5,0,0
693,88820.01,Merchant,POS,2,0,0,2,1,1
694,88684.27,Bill,Web,18,0,0,5,0,1
695,58749.31,P2P,Mobile,0,0,0,4,0,0
696,99153.65,P2P,Mobile,17,1,0,3,0,0
697,58835.71,P2P,Mobile,2,0,0,5,0,0
698,14184.03,Merchant,POS,1,0,0,3,1,0
699,24755.16,Merchant,POS,9,1,0,1,0,0
700,13932.93,Bill,Mobile,17,1,0,4,0,0
701,65139.97,Merchant,Web,23,0,0,3,0,0
702,9664.82,P2P,Mobile,12,0,0,4,0,0
703,13155.17,Merchant,Mobile,16,1,0,1,0,0
704,61788.86,Merchant,Mobile,20,0,0,2,1,1
705,43939.98,P2P,Mobile,23,1,0,5,0,0
706,7159.52,Bill,Mobile,10,0,0,5,0,0
707,2194.2,P2P,Mobile,9,1,0,5,0,0
708,37227.75,P2P,Web,6,1,0,1,0,0
709,93938.05,Merchant,Mobile,12,1,0,4,0,0
710,6297.46,P2P,POS,10,1,0,4,0,0
711,57509.86,P2P,Web,6,1,0,6,0,1
712,64214.32,Merchant,Mobile,21,1,0,1,0,0
713,26835.72,Merchant,Mobile,23,0,0,4,0,0
714,36609.29,Merchant,Mobile,11,1,0,1,0,0
715,15331.13,Bill,Web,0,1,0,5,0,0
716,91742.59,P2P,Web,21,1,0,7,0,1
717,28022.69,P2P,Mobile,21,0,0,5,0,0
718,93843.95,Merchant,Web,16,1,0,7,0,1
719,61206.8,Merchant,Web,12,0,0,5,0,0
720,68715.07,P2P,POS,8,1,0,4,0,0
721,6652.34,Merchant,Web,4,1,0,3,0,0
722,59189.68,Merchant,Mobile,18,1,0,1,0,0
723,75219.91,P2P,Mobile,8,0,0,7,0,0
724,91917.25,P2P,POS,18,0,0,3,0,0
725,54655.52,Bill,Mobile,14,0,1,3,0,1
726,29970.73,P2P,Mobile,17,1,0,5,0,0
727,54399.7,Merchant,Web,14,0,0,4,0,0
728,8272.73,P2P,Web,4,0,0,4,0,0
729,26319.25,Bill,POS,17,0,0,4,0,0
730,1784.93,Bill,POS,10,0,0,5,0,0
731,33939.38,Merchant,POS,8,0,0,3,0,0
732,31769.86,P2P,POS,3,0,0,2,0,0
733,80170.08,P2P,Web,16,0,1,4,0,1
734,36976.78,P2P,Mobile,22,1,0,6,0,0
735,87298.74,P2P,Mobile,4,0,0,5,0,0
736,24408.59,Merchant,Web,8,1,0,2,1,0
737,95852.61,Merchant,POS,7,1,0,7,0,1
738,62993.24,Merchant,Web,14,0,0,5,0,0
739,65512.12,P2P,Mobile,9,1,0,2,0,0
740,16693.49,P2P,Web,22,1,0,4,0,0
741,70733.04,P2P,Web,13,1,0,3,0,0
742,39638.98,P2P,POS,21,0,1,7,0,0
743,93235.52,Merchant,Mobile,10,1,1,3,0,1
744,16188.73,Bill,Web,21,1,0,6,0,0
745,97415.39,Merchant,POS,14,0,0,7,1,1
746,49814.59,Merchant,Web,15,1,0,4,0,0
747,13558.72,P2P,Mobile,15,1,0,4,0,0
748,66411.74,Bill,POS,11,0,0,3,0,0
749,40307.27,Merchant,Web,16,0,0,7,0,0
750,95005.63,P2P,POS,4,1,0,7,0,1
751,33345.38,Merchant,Web,6,1,0,2,0,0
752,64816.03,Bill,Web,22,1,0,7,0,1
753,47488.56,P2P,POS,7,0,0,6,0,0
754,32421.28,P2P,Web,14,0,0,2,0,0
755,79884.58,Bill,Web,17,1,0,7,0,1
756,39576.01,P2P,Web,0,0,0,4,0,0
757,99074.11,P2P,Mobile,15,1,0,7,0,1
758,80108.26,P2P,Web,12,1,0,4,0,0
759,86458.1,Bill,POS,20,0,0,3,0,0
760,64636.67,Merchant,Mobile,0,0,0,6,0,0
761,4572.71,P2P,Web,6,1,0,6,0,0
762,31492.61,P2P,POS,12,0,0,7,0,0
763,40800.71,Bill,Mobile,3,1,0,5,1,1
764,37517.74,Merchant,Mobile,10,1,0,3,0,0
765,7262.21,Merchant,Mobile,14,0,0,2,0,1
766,54854.85,Merchant,Mobile,9,1,0,1,0,0
767,10852.67,Merchant,Web,23,1,0,4,0,0
768,2275.32,P2P,Web,1,1,0,3,0,0
769,25830.5,Merchant,POS,5,0,0,5,0,0
770,31993.93,Merchant,POS,22,0,0,5,0,0
771,60046.07,Bill,POS,15,0,0,7,1,1
772,22636.99,P2P,POS,17,0,0,1,0,0
773,21831.78,P2P,Web,18,1,0,1,0,0
774,89650.15,Bill,Mobile,12,0,0,7,1,1
775,24887.7,Merchant,Web,22,1,1,5,0,0
776,93585.03,Bill,Mobile,13,0,0,3,0,0
777,62926.97,Merchant,Mobile,21,1,0,5,0,0
778,9537.64,Merchant,Mobile,13,0,0,3,1,0
779,14596.58,Bill,Mobile,13,0,0,1,0,0
780,63236.95,Merchant,Mobile,22,1,0,6,0,1
781,98321.08,Bill,Mobile,6,1,0,1,0,0
782,66039.5,Bill,Mobile,13,0,1,5,0,1
783,89477.86,Bill,Mobile,22,1,0,4,0,0
784,82747.34,Merchant,Web,8,1,0,1,0,0
785,71743.05,Merchant,Web,1,1,0,1,1,1
786,51887.06,P2P,Web,6,1,0,4,0,0
787,37600.63,P2P,POS,18,1,0,1,0,0
788,47139.69,P2P,Mobile,23,0,0,2,0,0
789,57465.28,Merchant,Mobile,19,0,0,5,0,0
790,8384.52,P2P,Mobile,6,1,0,4,0,0
791,27998.07,Merchant,Mobile,13,0,0,3,0,1
792,63749.78,Bill,POS,7,0,1,5,0,1
793,89340.06,Bill,Web,18,0,0,5,1,1
794,80384.01,Merchant,POS,11,0,0,7,0,0
795,14746.28,Bill,Web,12,0,0,7,0,0
796,90994.97,Merchant,Mobile,12,0,0,5,0,0
797,63143.91,Bill,Mobile,6,1,0,4,0,0
798,86152.53,Bill,Web,19,1,0,4,0,0
799,31583.72,Merchant,POS,2,1,0,3,0,0
800,40165.16,Bill,POS,10,0,0,4,0,0
801,78924.01,Bill,POS,14,0,0,2,0,0
802,76549.81,P2P,Web,11,0,0,1,0,0
803,92484.28,Merchant,Mobile,2,1,0,3,0,1
804,6185.98,Bill,Web,20,0,1,1,0,0
805,54095.21,Merchant,POS,6,1,1,6,0,1
806,96991.97,Bill,Mobile,15,1,0,6,0,1
807,85614.63,P2P,Mobile,15,1,0,2,0,0
808,23498.3,Bill,POS,14,0,0,5,0,0
809,42200.49,Bill,Web,18,0,0,3,0,0
810,52188.19,P2P,Web,18,1,0,7,0,1
811,60857.33,P2P,Web,20,0,0,2,0,0
812,92140.0,Merchant,Mobile,10,0,0,1,0,0
813,60882.72,P2P,POS,5,1,0,1,0,1
814,67425.73,Merchant,Web,2,1,0,4,1,1
815,14018.51,P2P,Web,21,1,0,7,1,1
816,54420.1,Merchant,POS,20,1,0,6,0,1
817,82855.21,Bill,POS,19,0,0,6,0,0
818,21208.84,P2P,POS,13,0,0,3,0,0
819,55421.85,Merchant,Web,20,0,0,1,0,0
820,10061.75,P2P,Web,15,1,0,2,1,0
821,20185.86,Bill,Mobile,17,0,0,6,0,0
822,97356.46,Bill,POS,21,0,0,3,1,1
823,13758.21,P2P,Mobile,6,1,0,4,1,0
824,63676.21,Bill,POS,1,1,0,7,0,1
825,72410.84,Merchant,POS,14,1,0,7,0,1
826,49176.99,Bill,Mobile,12,0,0,6,0,0
827,24346.64,P2P,Mobile,1,0,0,1,0,0
828,29690.9,P2P,Web,6,1,0,4,0,0
829,52276.93,P2P,Mobile,22,1,0,3,0,0
830,86111.44,Merchant,Web,2,1,0,1,0,1
831,3189.13,Bill,Mobile,6,0,0,6,0,0
832,18844.19,Merchant,Mobile,19,0,0,3,0,0
833,43971.31,Merchant,Web,19,0,0,6,0,0
834,14757.79,Merchant,Web,6,0,0,7,0,0
835,54605.97,P2P,POS,20,0,0,7,0,0
836,57911.16,Merchant,Web,18,0,0,4,0,0
837,28766.62,P2P,Mobile,14,0,0,6,0,0
838,49156.32,P2P,POS,1,0,0,6,0,1
839,17582.01,Bill,Web,11,1,0,6,0,0
840,49395.24,Merchant,Mobile,13,0,0,1,0,0
841,21230.68,Merchant,Mobile,13,1,0,1,0,0
842,90348.14,Bill,Mobile,6,1,0,5,0,0
843,188.8,Merchant,Mobile,18,1,0,1,0,0
844,34622.21,Bill,POS,1,1,1,6,0,1
845,1697.61,P2P,Mobile,23,1,0,4,0,0
846,96828.07,Bill,Web,5,1,0,4,0,1
847,773.57,Merchant,POS,1,0,0,1,0,0
848,48089.32,Bill,Mobile,5,0,0,3,0,0
849,88747.88,Bill,Web,15,1,0,4,0,0
850,1452.47,P2P,Mobile,18,0,0,5,0,0
851,70670.53,Merchant,Mobile,23,0,0,3,0,0
852,97597.45,P2P,Web,4,0,1,5,0,1
853,7588.86,P2P,POS,7,1,0,2,0,0
854,77788.88,P2P,POS,12,1,0,6,1,1
855,78130.34,P2P,POS,7,1,0,3,0,0
856,35518.11,Merchant,Mobile,21,0,0,1,0,0
857,22585.88,Bill,POS,22,1,0,7,0,0
858,804.65,P2P,POS,2,0,0,2,0,0
859,38644.63,Bill,POS,6,1,0,4,0,0
860,20845.81,Merchant,POS,10,0,0,3,0,0
861,5757.43,Bill,Web,9,0,0,1,0,0
862,24446.21,Bill,POS,12,0,0,2,0,0
863,2216.72,Merchant,Mobile,2,1,0,2,0,0
864,39272.59,Bill,Mobile,14,0,0,3,0,0
865,78063.15,Merchant,Web,17,0,0,7,0,0
866,78944.54,Merchant,POS,15,0,0,3,0,0
867,8013.55,Merchant,Web,10,1,0,2,0,0
868,79597.14,Merchant,Mobile,8,0,0,7,0,0
869,50213.38,P2P,Mobile,13,1,0,1,0,0
870,90670.03,P2P,POS,1,1,0,2,0,0
871,66248.31,Bill,POS,1,0,0,7,0,0
872,92545.74,Bill,Mobile,4,1,0,4,0,1
873,99451.41,Bill,POS,13,1,0,4,0,0
874,87629.3,Bill,POS,23,1,0,4,0,0
875,74364.02,P2P,Mobile,10,1,0,2,0,0
876,9695.86,Bill,Mobile,22,0,0,3,0,0
877,15209.02,Merchant,Mobile,0,0,0,3,0,0
878,98095.04,Merchant,Web,16,0,0,2,0,0
879,91281.58,Merchant,POS,0,1,0,5,0,0
880,64113.27,P2P,POS,5,0,0,4,0,0
881,96040.48,Merchant,Mobile,5,1,0,5,1,1
882,97205.61,P2P,POS,19,0,0,3,0,0
883,62011.64,P2P,Web,21,1,0,5,0,0
884,61461.54,Merchant,POS,7,1,0,1,0,0
885,83162.01,Bill,Mobile,18,1,0,6,0,1
886,42152.46,P2P,Web,1,1,0,1,0,0
887,31580.39,Bill,Web,15,0,0,3,0,0
888,90225.61,P2P,Mobile,18,0,0,3,0,0
889,35244.13,Merchant,Mobile,3,0,0,3,1,0
890,36724.99,Merchant,POS,4,1,0,5,0,0
891,80293.64,Bill,POS,20,0,0,2,0,0
892,36363.02,Merchant,Mobile,6,1,0,2,0,0
893,95805.92,Merchant,POS,13,1,0,2,0,0
894,97748.88,Bill,Web,1,0,0,4,0,0
895,87275.03,P2P,Web,10,1,0,6,0,1
896,87273.47,Merchant,Mobile,12,0,0,5,1,1
897,41896.96,Merchant,POS,12,0,0,3,0,0
898,64401.1,P2P,Mobile,6,1,0,2,0,0
899,8395.37,P2P,Mobile,6,1,0,7,0,0
900,48563.01,Bill,Mobile,19,1,0,5,0,0
901,97761.26,Merchant,Mobile,16,0,0,7,0,0
902,40330.51,P2P,POS,13,1,0,7,0,0
903,44534.06,Bill,Mobile,5,1,0,2,0,0
904,74545.25,Merchant,POS,18,0,0,5,0,0
905,48290.95,Bill,POS,4,1,0,3,0,0
906,30643.78,P2P,Mobile,12,0,0,4,0,0
907,56135.0,Merchant,POS,1,1,0,6,1,1
908,60406.65,P2P,POS,4,0,0,5,0,0
909,84136.44,Bill,Web,12,0,0,6,0,0
910,82446.8,Bill,POS,19,0,0,2,0,0
911,62989.07,P2P,Web,3,1,0,4,0,1
912,59461.94,Bill,POS,18,1,0,5,0,0
913,60833.9,Bill,POS,19,1,0,3,0,0
914,24670.13,Merchant,POS,1,0,0,6,0,0
915,46724.53,Bill,Web,1,0,0,1,0,0
916,64329.93,P2P,Web,14,1,0,3,0,0
917,98822.74,Bill,POS,21,0,0,1,0,0
918,18722.24,Merchant,Web,9,0,1,3,0,0
919,70500.62,P2P,Web,8,0,0,2,0,0
920,71350.26,Merchant,Mobile,10,0,0,3,0,0
921,46223.53,Bill,Mobile,10,1,0,2,0,0
922,82641.2,P2P,Mobile,0,0,0,4,1,1
923,65033.17,Merchant,Mobile,16,1,0,7,0,1
924,91337.83,P2P,POS,21,0,0,7,0,0
925,92214.27,Merchant,POS,16,1,0,1,0,0
926,43373.94,Bill,POS,18,1,0,6,0,0
927,41400.92,Bill,Mobile,21,1,0,6,0,0
928,70761.45,P2P,Web,22,1,0,4,0,0
929,34651.28,Bill,Mobile,13,1,0,4,0,0
930,7268.33,Merchant,Mobile,9,1,0,3,0,1
931,73959.22,Bill,POS,13,1,0,7,0,1
932,6917.37,P2P,Mobile,6,1,0,3,0,0
933,39462.73,Merchant,Web,23,0,0,3,0,0
934,39716.57,Bill,Mobile,10,0,0,1,0,0
935,66313.87,Merchant,Mobile,2,1,0,4,0,1
936,33875.04,Merchant,Mobile,17,1,0,7,0,0
937,35195.19,Bill,POS,6,0,0,4,0,1
938,29263.15,P2P,Web,18,0,0,5,0,0
939,83776.78,Bill,Mobile,13,0,0,1,0,0
940,32930.66,Merchant,POS,4,1,0,4,1,1
941,35991.54,P2P,Mobile,10,1,0,3,1,0
942,35881.49,Bill,POS,0,0,1,3,0,0
943,7946.76,Merchant,POS,21,0,0,4,1,0
944,71776.04,Bill,POS,18,1,0,7,0,1
945,34180.28,Bill,Mobile,20,0,0,2,0,0
946,97788.54,Bill,POS,4,1,0,5,0,1
947,89183.25,Merchant,Mobile,12,0,0,2,0,0
948,88621.72,Merchant,POS,15,0,0,7,0,0
949,66754.72,P2P,Web,23,1,0,4,0,0
950,29010.36,Merchant,POS,6,0,0,4,1,0
951,30300.22,P2P,Mobile,18,1,0,3,0,0
952,95739.85,Bill,Web,17,1,0,6,0,1
953,42213.11,Bill,Web,13,0,0,3,0,0
954,43145.16,Merchant,POS,11,1,0,6,0,0
955,6411.24,P2P,Web,18,1,0,1,0,0
956,49343.0,Merchant,Web,8,1,0,6,0,0
957,41069.72,Bill,Mobile,14,0,0,6,0,0
958,99923.55,Merchant,Web,14,0,0,5,0,0
959,85235.42,Bill,POS,13,0,0,2,0,0
960,22505.35,Bill,Web,11,0,0,5,0,0
961,98645.54,Merchant,Web,9,1,0,5,0,0
962,62394.13,Bill,POS,5,1,0,6,0,1
963,66457.9,Bill,POS,2,1,0,2,0,1
964,96013.98,Merchant,POS,2,0,0,6,0,1
965,46064.05,Merchant,Mobile,3,1,0,7,0,0
966,26465.06,Merchant,POS,0,1,0,6,0,0
967,19290.1,P2P,Web,13,1,0,2,0,0
968,46650.72,Bill,POS,20,0,0,7,0,0
969,86493.2,Merchant,Mobile,10,0,0,5,0,0
970,81226.38,Bill,POS,11,0,0,5,0,0
971,67662.71,Merchant,Mobile,17,1,0,4,0,0
972,60430.15,Bill,Web,8,1,0,2,0,0
973,2250.11,P2P,POS,11,0,0,5,0,0
974,44134.15,Bill,Mobile,18,0,0,6,0,0
975,46302.01,Bill,Web,4,0,0,1,0,0
976,11346.33,P2P,Mobile,2,1,0,7,0,0
977,76990.08,Merchant,POS,15,1,0,3,0,0
978,82881.44,P2P,POS,4,0,0,4,0,0
979,33118.16,Bill,Mobile,10,1,0,4,0,0
980,68486.82,P2P,POS,7,0,0,5,0,0
981,60977.05,Bill,Mobile,23,1,0,7,0,1
982,49853.94,Bill,Web,16,1,0,7,0,0
983,35426.98,Merchant,Web,14,1,1,7,1,1
984,16352.77,Merchant,POS,11,0,0,5,0,0
985,96193.77,P2P,POS,12,1,0,6,0,1
986,39269.88,Merchant,Web,14,0,0,2,0,0
987,18010.98,Bill,POS,13,1,0,5,0,0
988,61640.89,Bill,POS,17,0,0,6,0,0
989,2262.06,P2P,Web,17,1,0,5,0,0
990,81987.46,P2P,POS,19,1,0,4,0,0
991,95028.65,Bill,POS,15,0,0,3,0,0
992,19085.33,Merchant,Mobile,11,0,0,2,0,0
993,1372.34,Merchant,POS,16,1,0,5,0,0
994,99426.33,P2P,Mobile,1,1,0,7,1,1
995,12467.54,Merchant,POS,21,1,0,5,0,0
996,19020.02,P2P,Web,17,0,0,3,0,0
997,13352.23,P2P,POS,2,1,0,6,0,0
998,24264.94,Merchant,Mobile,16,1,0,6,0,0
999,62638.88,P2P,Web,9,0,1,3,0,1
1000,94161.03,Bill,Mobile,9,1,0,1,0,0
